timestamp,project_name,run_id,duration,emissions,emissions_rate,cpu_power,gpu_power,ram_power,cpu_energy,gpu_energy,ram_energy,energy_consumed,country_name,country_iso_code,region,cloud_provider,cloud_region,os,python_version,codecarbon_version,cpu_count,cpu_model,gpu_count,gpu_model,longitude,latitude,ram_total_size,tracking_mode,on_cloud,pue
2024-04-12T17:02:52,codecarbon,ae5319d8-915d-4d57-b7f8-bbe763d10b64,0.0073497295379638,6.905000772154775e-08,9.394904583206883e-06,42.5,0.0,94.33266592025755,7.57313436932034e-08,0.0,1.0343829457241328e-07,1.791696382656167e-07,Germany,DEU,,,,Linux-5.4.0-135-generic-x86_64-with-glibc2.31,3.10.13,2.3.5,48.0,Intel(R) Xeon(R) Gold 5118 CPU @ 2.30GHz,1.0,1 x NVIDIA GeForce RTX 2080 Ti,,,251.55377578735352,machine,N,1.0
2024-04-12T16:55:15,codecarbon,f11409e5-1497-4b8e-93ff-d30e0886ee1d,7.108982801437378,0.0001440181569463,2.025861659381632e-05,42.5,52.56071528462699,94.33266592025755,8.389311995771197e-05,0.000103722305198,0.0001860801316617,0.0003736955568175,Germany,DEU,,,,Linux-5.4.0-135-generic-x86_64-with-glibc2.31,3.10.14,2.3.5,48.0,Intel(R) Xeon(R) Gold 5118 CPU @ 2.30GHz,1.0,1 x NVIDIA GeForce RTX 2080 Ti,,,251.55377578735352,machine,N,1.0
2024-04-12T16:56:49,codecarbon,29a5d8d8-d9cf-4f8a-b5f2-303394ae56a3,56.70632433891296,0.0020326391689932,3.5845017159724494e-05,42.5,221.1182749178917,94.33266592025755,0.0006693522665235,0.0031198313847582,0.001485069555201,0.0052742532064828,Germany,DEU,,,,Linux-5.4.0-135-generic-x86_64-with-glibc2.31,3.10.14,2.3.5,48.0,Intel(R) Xeon(R) Gold 5118 CPU @ 2.30GHz,1.0,1 x NVIDIA GeForce RTX 2080 Ti,,,251.55377578735352,machine,N,1.0
2024-04-12T17:03:01,codecarbon,3497bf2d-2839-40a8-b6b4-4be95c5d3b24,103.86343574523926,0.0038454243086602,3.70238504153904e-05,42.5,226.0479739742865,94.33266592025755,0.0012260023694899,0.0060320170478362,0.0027200139688374,0.0099780333861637,Germany,DEU,,,,Linux-5.4.0-135-generic-x86_64-with-glibc2.31,3.10.14,2.3.5,48.0,Intel(R) Xeon(R) Gold 5118 CPU @ 2.30GHz,1.0,1 x NVIDIA GeForce RTX 2080 Ti,,,251.55377578735352,machine,N,1.0
2024-04-12T17:17:49,codecarbon,d5011592-1f17-49f0-b773-2f7159de60b8,7.246857404708862,0.0001463904114758,2.020053704667912e-05,42.5,51.97499897938237,94.33266592025755,8.55322281519572e-05,0.0001045753614334,0.0001897434478749,0.0003798510374603,Germany,DEU,,,,Linux-5.4.0-135-generic-x86_64-with-glibc2.31,3.10.14,2.3.5,48.0,Intel(R) Xeon(R) Gold 5118 CPU @ 2.30GHz,1.0,1 x NVIDIA GeForce RTX 2080 Ti,,,251.55377578735352,machine,N,1.0
2024-04-12T17:17:54,codecarbon,ab737374-7ad0-40c5-a3cd-e972a074ee60,4.254932165145874,8.612127901992687e-05,2.0240341250416697e-05,42.5,52.42241771247223,94.33266592025755,5.021177513731851e-05,6.1909216192646e-05,0.0001113448549187,0.0002234658462486,Germany,DEU,,,,Linux-5.4.0-135-generic-x86_64-with-glibc2.31,3.10.14,2.3.5,48.0,Intel(R) Xeon(R) Gold 5118 CPU @ 2.30GHz,1.0,1 x NVIDIA GeForce RTX 2080 Ti,,,251.55377578735352,machine,N,1.0
2024-04-12T17:18:35,codecarbon,c3da9bba-f837-4caa-b5dd-27655cfb48e5,6.922070026397705,0.0001418579201715,2.0493569066853927e-05,42.5,54.69078189695336,94.33266592025755,8.170446273353365e-05,0.0001051195285413,0.0001812662245112,0.000368090215786,Germany,DEU,,,,Linux-5.4.0-135-generic-x86_64-with-glibc2.31,3.10.14,2.3.5,48.0,Intel(R) Xeon(R) Gold 5118 CPU @ 2.30GHz,1.0,1 x NVIDIA GeForce RTX 2080 Ti,,,251.55377578735352,machine,N,1.0
2024-04-12T17:18:40,codecarbon,826dd336-d9c6-4811-a2f6-eaca4cad2963,3.963276624679565,8.053479267215883e-05,2.032025525815275e-05,42.5,53.12845586426277,94.33266592025755,4.677416996823418e-05,5.8451713428553376e-05,0.0001037442550144,0.0002089701384112,Germany,DEU,,,,Linux-5.4.0-135-generic-x86_64-with-glibc2.31,3.10.14,2.3.5,48.0,Intel(R) Xeon(R) Gold 5118 CPU @ 2.30GHz,1.0,1 x NVIDIA GeForce RTX 2080 Ti,,,251.55377578735352,machine,N,1.0
2024-04-12T17:22:32,codecarbon,21ac4b21-fdb0-4ac1-ae59-91d89c3819da,5.962067604064941,0.0001200288687653,2.013208784877498e-05,42.5,51.28055000330156,94.33266592025755,7.038408484723833e-05,8.489979015280369e-05,0.0001561647360536,0.0003114486110536,Germany,DEU,,,,Linux-5.4.0-135-generic-x86_64-with-glibc2.31,3.10.14,2.3.5,48.0,Intel(R) Xeon(R) Gold 5118 CPU @ 2.30GHz,1.0,1 x NVIDIA GeForce RTX 2080 Ti,,,251.55377578735352,machine,N,1.0
2024-04-13T03:38:21,codecarbon,cdf68f5c-32bb-4b48-86d7-4dedeff22c64,38529.66576433182,1.4780672049412855,3.836179669924833e-05,95.0,172.43415776940634,94.40559768676758,1.016738835537102,1.815076796227004,1.003444858133849,3.8352604898979616,Germany,DEU,,,,Linux-5.15.0-67-generic-x86_64-with-glibc2.35,3.10.14,2.3.5,64.0,AMD EPYC 7343 16-Core Processor,3.0,3 x NVIDIA RTX A6000,,,251.74826049804688,machine,N,1.0
2024-04-13T11:36:09,codecarbon,dee90223-3017-40bc-98f1-1965d7dfa101,56.00875115394592,0.0004450217929706,7.945576071629334e-06,62.5,0.0,11.72215747833252,0.000972367376089,0.0,0.0001823666536072,0.0011547340296963,Germany,DEU,,,,Linux-5.15.0-100-generic-x86_64-with-glibc2.31,3.10.14,2.3.5,16.0,Intel(R) Core(TM) i7-10700K CPU @ 3.80GHz,,,,,31.25908660888672,machine,N,1.0
2024-04-13T11:51:36,codecarbon,cc1028b0-05e6-4750-8001-640e66106156,61.825671672821045,0.0019203224731073,3.1060276761239385e-05,42.5,187.5189517991715,94.33266592025755,0.000729881478846,0.0026331937731356,0.001619740742007,0.0049828159939887,Germany,DEU,,,,Linux-5.4.0-135-generic-x86_64-with-glibc2.31,3.10.13,2.3.5,48.0,Intel(R) Xeon(R) Gold 5118 CPU @ 2.30GHz,1.0,1 x NVIDIA GeForce RTX 2080 Ti,,,251.55377578735352,machine,N,1.0
2024-04-13T11:54:04,codecarbon,d01b8735-8ca9-44a9-8044-df70884f629c,13.872315168380736,0.000277901175257,2.0032789904487072e-05,42.5,50.35323832857976,94.33266592025755,0.000163757189446,0.0001939901552532,0.0003633453052129,0.0007210926499121,Germany,DEU,,,,Linux-5.4.0-135-generic-x86_64-with-glibc2.31,3.10.13,2.3.5,48.0,Intel(R) Xeon(R) Gold 5118 CPU @ 2.30GHz,1.0,1 x NVIDIA GeForce RTX 2080 Ti,,,251.55377578735352,machine,N,1.0
2024-04-13T11:55:58,codecarbon,b38b45dd-f9d0-46a1-8bbd-6e5966f0ded4,60.17827224731445,0.0018975031430178,3.15313662582356e-05,42.5,106.7815263363286,94.33266592025755,0.0007103235229849,0.0026374848878276,0.0015757964222725,0.0049236048330852,Germany,DEU,,,,Linux-5.4.0-135-generic-x86_64-with-glibc2.31,3.10.13,2.3.5,48.0,Intel(R) Xeon(R) Gold 5118 CPU @ 2.30GHz,1.0,1 x NVIDIA GeForce RTX 2080 Ti,,,251.55377578735352,machine,N,1.0
2024-04-13T14:48:09,codecarbon,8683582b-f17f-46f2-b6f1-86362bff8225,40165.97266769409,2.310472981262261,5.752314279496083e-05,95.0,268.56481637179365,94.40559768676758,1.0599208565824536,3.889485709364181,1.0457644982567,5.99517106420334,Germany,DEU,,,,Linux-5.15.0-67-generic-x86_64-with-glibc2.35,3.10.14,2.3.5,64.0,AMD EPYC 7343 16-Core Processor,3.0,3 x NVIDIA RTX A6000,,,251.74826049804688,machine,N,1.0
2024-04-14T02:08:12,codecarbon,d45ba7af-5e5e-4a94-acbe-c69cc27b6c82,40784.40975737572,2.077700568556524,5.094349975681037e-05,95.0,248.68496566681208,94.40559768676758,1.0762472460379224,3.253257968437538,1.0616724490191711,5.391177663494609,Germany,DEU,,,,Linux-5.15.0-67-generic-x86_64-with-glibc2.35,3.10.14,2.3.5,64.0,AMD EPYC 7343 16-Core Processor,3.0,3 x NVIDIA RTX A6000,,,251.74826049804688,machine,N,1.0
2024-04-14T15:06:19,codecarbon,98723dff-b66b-460f-b79e-463ecce88ccd,46667.60052371025,1.8200057989595373,3.899934383887711e-05,95.0,238.96562120231297,94.40559768676758,1.2314819201591936,2.2755065512369583,1.2155277367974668,4.722516208193636,Germany,DEU,,,,Linux-5.15.0-67-generic-x86_64-with-glibc2.35,3.10.14,2.3.5,64.0,AMD EPYC 7343 16-Core Processor,3.0,3 x NVIDIA RTX A6000,,,251.74826049804688,machine,N,1.0
2024-04-15T04:54:22,codecarbon,f055cc3a-a16e-4a38-8143-956fc3a66cab,260.0661268234253,0.0087943941241022,3.381599223059639e-05,95.0,136.78386781833572,94.40559768676758,0.0068627878291739,0.0091571114924136,0.0067996262074292,0.0228195255290167,Germany,DEU,,,,Linux-5.15.0-67-generic-x86_64-with-glibc2.35,3.10.14,2.3.5,64.0,AMD EPYC 7343 16-Core Processor,3.0,3 x NVIDIA RTX A6000,,,251.74826049804688,machine,N,1.0
2024-04-15T04:59:46,codecarbon,610180fb-e925-4a7d-ae84-6e13d833cb15,314.24503922462463,0.0119072167876871,3.7891502812796384e-05,95.0,188.6678269301847,94.40559768676758,0.0082925283557838,0.0144110595840629,0.0081930302503121,0.0308966181901589,Germany,DEU,,,,Linux-5.15.0-67-generic-x86_64-with-glibc2.35,3.10.14,2.3.5,64.0,AMD EPYC 7343 16-Core Processor,3.0,3 x NVIDIA RTX A6000,,,251.74826049804688,machine,N,1.0
2024-04-15T05:04:33,codecarbon,eb591ea7-fd2e-4726-89f4-d623300c5b34,277.4709885120392,0.0091151946836738,3.285098284528703e-05,95.0,135.51292814930866,94.40559768676758,0.007322099161148,0.0091129989568798,0.0072168345621311,0.023651932680159,Germany,DEU,,,,Linux-5.15.0-67-generic-x86_64-with-glibc2.35,3.10.14,2.3.5,64.0,AMD EPYC 7343 16-Core Processor,3.0,3 x NVIDIA RTX A6000,,,251.74826049804688,machine,N,1.0
2024-04-15T05:12:58,codecarbon,dac2ec45-c3bf-46a5-a12c-bdee6105192c,495.3782479763031,0.0245783798923866,4.961537974828955e-05,95.0,0.0,94.40559768676758,0.0130723891076114,0.0374148863206755,0.0132882342317879,0.0637755096600749,Germany,DEU,,,,Linux-5.15.0-67-generic-x86_64-with-glibc2.35,3.10.14,2.3.5,64.0,AMD EPYC 7343 16-Core Processor,3.0,3 x NVIDIA RTX A6000,,,251.74826049804688,machine,N,1.0
2024-04-15T05:18:53,codecarbon,873f2731-666c-4069-a2aa-14b9774358f0,347.9182822704315,0.0116005591441351,3.3342769653933454e-05,95.0,116.13357072971174,94.40559768676758,0.0091810963104168,0.0118649044920857,0.0090549080042749,0.0301009088067775,Germany,DEU,,,,Linux-5.15.0-67-generic-x86_64-with-glibc2.35,3.10.14,2.3.5,64.0,AMD EPYC 7343 16-Core Processor,3.0,3 x NVIDIA RTX A6000,,,251.74826049804688,machine,N,1.0
2024-04-15T08:09:39,codecarbon,dffb76e7-f503-4c44-90bf-af16f56d6810,3854.665206670761,0.1154711003015189,2.995619440611556e-05,42.5,141.67073126458865,94.33244705200195,0.0455061275468932,0.1531484969631833,0.1009675761794059,0.2996222006894823,Germany,DEU,,,,Linux-5.4.0-139-generic-x86_64-with-glibc2.31,3.10.13,2.3.5,48.0,Intel(R) Xeon(R) Gold 5118 CPU @ 2.30GHz,1.0,1 x NVIDIA GeForce RTX 2080 Ti,,,251.55319213867188,machine,N,1.0
2024-04-15T06:35:12,codecarbon,74b103a9-6c41-45ed-a4fa-25304140dd9b,77.49436926841736,0.0025182035516585,3.249530998744248e-05,95.0,131.88862532770605,94.40559768676758,0.0020449767606125,0.0024680041969986,0.0020212054142326,0.0065341863718439,Germany,DEU,,,,Linux-5.15.0-67-generic-x86_64-with-glibc2.35,3.10.14,2.3.5,64.0,AMD EPYC 7343 16-Core Processor,3.0,3 x NVIDIA RTX A6000,,,251.74826049804688,machine,N,1.0
2024-04-15T06:37:43,codecarbon,a67b854b-ec75-4a67-9b80-df2dd21f628e,80.27233386039734,0.0026290353897211,3.27514507587799e-05,95.0,135.61135005598905,94.40559768676758,0.0021182801958587,0.00261865737275,0.0020848331350728,0.0068217707036815,Germany,DEU,,,,Linux-5.15.0-67-generic-x86_64-with-glibc2.35,3.10.14,2.3.5,64.0,AMD EPYC 7343 16-Core Processor,3.0,3 x NVIDIA RTX A6000,,,251.74826049804688,machine,N,1.0
2024-04-15T06:39:14,codecarbon,2a735cfe-8bee-4a2a-b211-c05c54a30753,54.485045194625854,0.0017808752175074,3.268557842149141e-05,95.0,118.72315442854504,94.40559768676758,0.0014377808282772,0.0017749825312876,0.0014082175649229,0.0046209809244878,Germany,DEU,,,,Linux-5.15.0-67-generic-x86_64-with-glibc2.35,3.10.14,2.3.5,64.0,AMD EPYC 7343 16-Core Processor,3.0,3 x NVIDIA RTX A6000,,,251.74826049804688,machine,N,1.0
2024-04-15T07:08:38,codecarbon,6f5073ae-dd29-4dff-8312-c1f1d9d50008,2.684539556503296,9.633244502202503e-05,3.588415927366752e-05,95.0,148.01211823637715,94.40559768676758,7.083994613753425e-05,0.0001093703651804,6.975127300857746e-05,0.0002499615843265,Germany,DEU,,,,Linux-5.15.0-67-generic-x86_64-with-glibc2.35,3.10.14,2.3.5,64.0,AMD EPYC 7343 16-Core Processor,3.0,3 x NVIDIA RTX A6000,,,251.74826049804688,machine,N,1.0
2024-04-15T07:08:38,codecarbon,ec0e8c0f-5351-4439-af03-b9ae03d9f314,9.951961517333984,0.0003288959049033,3.304834974798609e-05,95.0,119.35611854452176,94.40559768676758,0.0002626190109385,0.0003298797080333,0.0002609140792744,0.0008534127982463,Germany,DEU,,,,Linux-5.15.0-67-generic-x86_64-with-glibc2.35,3.10.14,2.3.5,64.0,AMD EPYC 7343 16-Core Processor,3.0,3 x NVIDIA RTX A6000,,,251.74826049804688,machine,N,1.0
2024-04-15T09:07:06,codecarbon,e98f0417-0b8f-4a11-9bcf-b9aef6fc044b,0.440725564956665,3.501053802481659e-06,7.943840976926095e-06,62.5,0.0,11.72215747833252,7.650467256704967e-06,0.0,1.4340001320416226e-06,9.084467388746588e-06,Germany,DEU,,,,Linux-5.15.0-100-generic-x86_64-with-glibc2.31,3.10.14,2.3.5,16.0,Intel(R) Core(TM) i7-10700K CPU @ 3.80GHz,,,,,31.25908660888672,machine,N,1.0
2024-04-15T09:20:49,codecarbon,e6c60b2c-7ed7-44a6-8c80-e4784ffe1675,774.1104564666748,0.0061507623777086,7.945587514452421e-06,62.5,0.0,11.72215747833252,0.0134393374787436,0.0,0.0025205429997045,0.0159598804784482,Germany,DEU,,,,Linux-5.15.0-100-generic-x86_64-with-glibc2.31,3.10.14,2.3.5,16.0,Intel(R) Core(TM) i7-10700K CPU @ 3.80GHz,,,,,31.25908660888672,machine,N,1.0
2024-04-15T09:21:20,codecarbon,457752a9-dfa9-492a-a4b1-d88af2958b2b,23.910537004470825,0.000189982866911,7.945570895190335e-06,62.5,0.0,11.72215747833252,0.0004151104887326,0.0,7.785341763492302e-05,0.0004929639063675,Germany,DEU,,,,Linux-5.15.0-100-generic-x86_64-with-glibc2.31,3.10.14,2.3.5,16.0,Intel(R) Core(TM) i7-10700K CPU @ 3.80GHz,,,,,31.25908660888672,machine,N,1.0
2024-04-15T09:22:10,codecarbon,4fe05fdd-2181-4f78-b365-dcd349d22cd9,3.770867586135864,2.9961039484958106e-05,7.945396861749842e-06,62.5,0.0,11.72215747833252,6.54652135239707e-05,0.0,1.2277118210868895e-05,7.77423317348396e-05,Germany,DEU,,,,Linux-5.15.0-100-generic-x86_64-with-glibc2.31,3.10.14,2.3.5,16.0,Intel(R) Core(TM) i7-10700K CPU @ 3.80GHz,,,,,31.25908660888672,machine,N,1.0
2024-04-15T09:22:34,codecarbon,d1a6d5b3-f21a-4f0e-9cb0-98a712c81b87,2.277665853500366,1.8096488794902883e-05,7.945190365431263e-06,62.5,0.0,11.72215747833252,3.95413198404842e-05,0.0,7.4151028776081295e-06,4.695642271809232e-05,Germany,DEU,,,,Linux-5.15.0-100-generic-x86_64-with-glibc2.31,3.10.14,2.3.5,16.0,Intel(R) Core(TM) i7-10700K CPU @ 3.80GHz,,,,,31.25908660888672,machine,N,1.0
2024-04-15T09:23:13,codecarbon,d49ffe41-4db5-4f51-b93f-e06d3755d6f0,2.270559549331665,1.8040138034714992e-05,7.945238890574385e-06,62.5,0.0,11.72215747833252,3.941814104715983e-05,0.0,7.392063797075442e-06,4.681020484423528e-05,Germany,DEU,,,,Linux-5.15.0-100-generic-x86_64-with-glibc2.31,3.10.14,2.3.5,16.0,Intel(R) Core(TM) i7-10700K CPU @ 3.80GHz,,,,,31.25908660888672,machine,N,1.0
2024-04-15T08:10:07,codecarbon,1255d978-8dae-410a-9a14-67f5fa77ba1b,3571.135787963867,0.1756886552673643,4.919685660217801e-05,95.0,267.24671502522835,94.40559768676758,0.0942373860044612,0.2683563824623434,0.0932797911505285,0.455873559617333,Germany,DEU,,,,Linux-5.15.0-67-generic-x86_64-with-glibc2.35,3.10.14,2.3.5,64.0,AMD EPYC 7343 16-Core Processor,3.0,3 x NVIDIA RTX A6000,,,251.74826049804688,machine,N,1.0
2024-04-15T08:33:10,codecarbon,815bccad-fd0e-4c92-9a25-d356a32f337e,1359.719050168991,0.067101756174714,4.934972130189277e-05,95.0,237.81562502942023,94.40559768676758,0.0358811074866188,0.1027046366079957,0.0355286083511326,0.1741143524457471,Germany,DEU,,,,Linux-5.15.0-67-generic-x86_64-with-glibc2.35,3.10.14,2.3.5,64.0,AMD EPYC 7343 16-Core Processor,3.0,3 x NVIDIA RTX A6000,,,251.74826049804688,machine,N,1.0
2024-04-15T10:46:58,codecarbon,714d4177-18ec-41bb-aca2-10b9fa4e23ad,8023.619542598724,0.2377219491440836,2.962776934798297e-05,42.5,116.3490677780598,94.33244705200195,0.0947224626820948,0.3119680579076203,0.2101458425241346,0.6168363631138502,Germany,DEU,,,,Linux-5.4.0-139-generic-x86_64-with-glibc2.31,3.10.13,2.3.5,48.0,Intel(R) Xeon(R) Gold 5118 CPU @ 2.30GHz,1.0,1 x NVIDIA GeForce RTX 2080 Ti,,,251.55319213867188,machine,N,1.0
2024-04-15T08:54:47,codecarbon,6e8255d4-4abb-4ac6-bde5-7864e56db760,1290.8534531593325,0.0617181322769485,4.781188145400617e-05,95.0,296.001562911748,94.40559768676758,0.0340637842565774,0.0923650802803877,0.0337161636733585,0.1601450282103238,Germany,DEU,,,,Linux-5.15.0-67-generic-x86_64-with-glibc2.35,3.10.14,2.3.5,64.0,AMD EPYC 7343 16-Core Processor,3.0,3 x NVIDIA RTX A6000,,,251.74826049804688,machine,N,1.0
N,1.0,,,,,,,,,,,,,,,,,,,,,,,,,,,,,
2024-04-15T08:57:17,codecarbon,c3203bbf-cc38-452b-8e3b-726b2a2f34f2,4.810675621032715,0.0001541140570014,3.203584468003196e-05,95.0,109.98902702879788,94.40559768676758,0.0001269457356797,0.0001468851171466,0.0001260613521961,0.0003998922050225,Germany,DEU,,,,Linux-5.15.0-67-generic-x86_64-with-glibc2.35,3.10.14,2.3.5,64.0,AMD EPYC 7343 16-Core Processor,3.0,3 x NVIDIA RTX A6000,,,251.74826049804688,machine,N,1.0
2024-04-15T08:57:28,codecarbon,d55d24dd-fdba-4c74-9540-2e58717749b0,4.788741588592529,0.0001537113992743,3.209849527910895e-05,95.0,110.57755397922462,94.40559768676758,0.0001263666315211,0.0001469965066007,0.000125484258338,0.0003988473964599,Germany,DEU,,,,Linux-5.15.0-67-generic-x86_64-with-glibc2.35,3.10.14,2.3.5,64.0,AMD EPYC 7343 16-Core Processor,3.0,3 x NVIDIA RTX A6000,,,251.74826049804688,machine,N,1.0
2024-04-15T08:57:47,codecarbon,3fbabad7-53c3-47d1-bc9a-62c72b92cdeb,4.810865640640259,0.0001540521813108,3.2021717673737594e-05,95.0,109.85599325650652,94.40559768676758,0.0001269507060448,0.000146713728327,0.0001260672167931,0.0003997316511651,Germany,DEU,,,,Linux-5.15.0-67-generic-x86_64-with-glibc2.35,3.10.14,2.3.5,64.0,AMD EPYC 7343 16-Core Processor,3.0,3 x NVIDIA RTX A6000,,,251.74826049804688,machine,N,1.0
2024-04-15T09:02:37,codecarbon,52cd2849-bec3-490d-83d5-c464d00c99b4,177.52685284614563,0.0054382564851069,3.063343036796803e-05,95.0,82.75400478448923,94.40559768676758,0.0046847107122341,0.0047944146690497,0.0046319584459838,0.0141110838272677,Germany,DEU,,,,Linux-5.15.0-67-generic-x86_64-with-glibc2.35,3.10.14,2.3.5,64.0,AMD EPYC 7343 16-Core Processor,3.0,3 x NVIDIA RTX A6000,,,251.74826049804688,machine,N,1.0
2024-04-15T09:04:22,codecarbon,796b1c5c-a748-4f60-a5d2-b54e0ebb74ca,39.7438280582428,0.0017354651446274,4.366628051239184e-05,95.0,214.5487099531024,94.40559768676758,0.001048787082235,0.0024212761036324,0.001033088550761,0.0045031517366284,Germany,DEU,,,,Linux-5.15.0-67-generic-x86_64-with-glibc2.35,3.10.14,2.3.5,64.0,AMD EPYC 7343 16-Core Processor,3.0,3 x NVIDIA RTX A6000,,,251.74826049804688,machine,N,1.0
2024-04-15T09:04:22,codecarbon,16521b13-e633-4338-84c4-e942238cd943,39.907869815826416,0.0017422856585895,4.365769625465282e-05,95.0,213.7767216866717,94.40559768676758,0.0010531172139777,0.0024294277770877,0.001038304484632,0.0045208494756974,Germany,DEU,,,,Linux-5.15.0-67-generic-x86_64-with-glibc2.35,3.10.14,2.3.5,64.0,AMD EPYC 7343 16-Core Processor,3.0,3 x NVIDIA RTX A6000,,,251.74826049804688,machine,N,1.0
2024-04-15T09:04:22,codecarbon,be722e25-e33c-4c07-a2a7-8e8baf1ead52,47.13929891586304,0.0019851105571058,4.211158423567077e-05,95.0,200.35889655580303,94.40559768676758,0.0012439445482359,0.0026711849152434,0.001235797410681,0.0051509268741604,Germany,DEU,,,,Linux-5.15.0-67-generic-x86_64-with-glibc2.35,3.10.14,2.3.5,64.0,AMD EPYC 7343 16-Core Processor,3.0,3 x NVIDIA RTX A6000,,,251.74826049804688,machine,N,1.0
2024-04-15T11:56:38,codecarbon,9cd07091-9eaf-4fdf-8737-0cb2d92167f3,73.35530233383179,0.0022109098461384,3.0139741447412697e-05,42.5,223.46253227893183,94.33244705200195,0.0008659945943289,0.0029490737481978,0.0019217582045165,0.0057368265470433,Germany,DEU,,,,Linux-5.4.0-139-generic-x86_64-with-glibc2.31,3.10.13,2.3.5,48.0,Intel(R) Xeon(R) Gold 5118 CPU @ 2.30GHz,1.0,1 x NVIDIA GeForce RTX 2080 Ti,,,251.55319213867188,machine,N,1.0
2024-04-15T11:59:38,codecarbon,784a5756-5495-4814-95d5-25a65e9ac46b,67.72397756576538,0.002083273673295,3.076124215049303e-05,42.5,207.18251146740508,94.33244705200195,0.0007995153741704,0.0028318008765495,0.0017743223982686,0.0054056386489885,Germany,DEU,,,,Linux-5.4.0-139-generic-x86_64-with-glibc2.31,3.10.13,2.3.5,48.0,Intel(R) Xeon(R) Gold 5118 CPU @ 2.30GHz,1.0,1 x NVIDIA GeForce RTX 2080 Ti,,,251.55319213867188,machine,N,1.0
2024-04-15T12:21:13,codecarbon,13302856-f05a-4b9d-9c64-39afaebf31a9,77.5454831123352,0.0015029924221706,1.938207567800396e-05,42.5,21.51885506944724,94.33244705200195,0.0009154625044928,0.0009528404845582,0.0020316329773897,0.0038999359664408,Germany,DEU,,,,Linux-5.4.0-139-generic-x86_64-with-glibc2.31,3.10.13,2.3.5,48.0,Intel(R) Xeon(R) Gold 5118 CPU @ 2.30GHz,1.0,1 x NVIDIA GeForce RTX 2080 Ti,,,251.55319213867188,machine,N,1.0
2024-04-15T12:36:22,codecarbon,86910ce3-d5a8-4fdc-aefc-7fa1658c9584,539.9190323352814,0.0153485362430636,2.842747768434376e-05,42.5,136.01732551389824,94.33244705200195,0.0063740132999089,0.0193098646145131,0.0141422101240629,0.0398260880384849,Germany,DEU,,,,Linux-5.4.0-139-generic-x86_64-with-glibc2.31,3.10.13,2.3.5,48.0,Intel(R) Xeon(R) Gold 5118 CPU @ 2.30GHz,1.0,1 x NVIDIA GeForce RTX 2080 Ti,,,251.55319213867188,machine,N,1.0
2024-04-15T12:49:38,codecarbon,a8809998-9670-48fb-aa25-b9db47416a28,723.870721578598,0.0271364496934863,3.748797801119497e-05,42.5,132.93572082871626,94.33244705200195,0.0085456532807813,0.0429046926570322,0.0189627942750267,0.0704131402128403,Germany,DEU,,,,Linux-5.4.0-139-generic-x86_64-with-glibc2.31,3.10.13,2.3.5,48.0,Intel(R) Xeon(R) Gold 5118 CPU @ 2.30GHz,1.0,1 x NVIDIA GeForce RTX 2080 Ti,,,251.55319213867188,machine,N,1.0
2024-04-15T10:47:55,codecarbon,953b738a-f2bb-4cf8-8073-7eb1c7048279,5026.594869375229,0.4851341605113978,9.65134794266196e-05,95.0,314.9916908455661,94.40559768676758,0.1326455687006316,0.9950570310445528,0.1311142334062509,1.2588168331514336,Germany,DEU,,,,Linux-5.15.0-67-generic-x86_64-with-glibc2.35,3.10.14,2.3.5,64.0,AMD EPYC 7343 16-Core Processor,3.0,3 x NVIDIA RTX A6000,,,251.74826049804688,machine,N,1.0
2024-04-15T13:55:07,codecarbon,6756cf56-21b3-450b-8edc-df8190510936,95.67642068862916,0.0021046392033669,2.1997470099935744e-05,42.5,32.6976975515441,94.33244705200195,0.0011295064770513,0.0018421925848883,0.0024893784554959,0.0054610775174356,Germany,DEU,,,,Linux-5.4.0-139-generic-x86_64-with-glibc2.31,3.10.13,2.3.5,48.0,Intel(R) Xeon(R) Gold 5118 CPU @ 2.30GHz,1.0,1 x NVIDIA GeForce RTX 2080 Ti,,,251.55319213867188,machine,N,1.0
2024-04-15T14:00:57,codecarbon,97ca51ce-d117-4e20-beff-b515c9590917,330.9086253643036,0.0088548289611604,2.675913615552321e-05,42.5,64.8556753163882,94.33244705200195,0.0039065392335255,0.0104125505521892,0.0086572509016436,0.0229763406873585,Germany,DEU,,,,Linux-5.4.0-139-generic-x86_64-with-glibc2.31,3.10.13,2.3.5,48.0,Intel(R) Xeon(R) Gold 5118 CPU @ 2.30GHz,1.0,1 x NVIDIA GeForce RTX 2080 Ti,,,251.55319213867188,machine,N,1.0
2024-04-15T14:14:12,codecarbon,06e39542-e1e0-4bb7-8d22-39c0240295ec,779.1398093700409,0.021328640689096,2.737460008151936e-05,42.5,131.6561311579912,94.33244705200195,0.0091981390770938,0.0257379978125982,0.0204070116928987,0.0553431485825908,Germany,DEU,,,,Linux-5.4.0-139-generic-x86_64-with-glibc2.31,3.10.13,2.3.5,48.0,Intel(R) Xeon(R) Gold 5118 CPU @ 2.30GHz,1.0,1 x NVIDIA GeForce RTX 2080 Ti,,,251.55319213867188,machine,N,1.0
2024-04-15T12:12:09,codecarbon,bcd0f800-1286-48f3-8dae-07933f528aea,5043.847928285599,0.4863240107912273,9.64192453273524e-05,95.0,293.35808149146646,94.40559768676758,0.1331008200496433,0.997139136877422,0.1316642769540986,1.2619042338811624,Germany,DEU,,,,Linux-5.15.0-67-generic-x86_64-with-glibc2.35,3.10.14,2.3.5,64.0,AMD EPYC 7343 16-Core Processor,3.0,3 x NVIDIA RTX A6000,,,251.74826049804688,machine,N,1.0
2024-04-15T14:53:47,codecarbon,ec98dbda-a367-4d62-bca0-b8c4ee8d1489,21.68584012985229,0.000461993702854,2.130393381523081e-05,42.5,62.99553818865958,94.33244705200195,0.000256012258927,0.0003747041886299,0.0005680559690248,0.0011987724165818,Germany,DEU,,,,Linux-5.4.0-139-generic-x86_64-with-glibc2.31,3.10.13,2.3.5,48.0,Intel(R) Xeon(R) Gold 5118 CPU @ 2.30GHz,1.0,1 x NVIDIA GeForce RTX 2080 Ti,,,251.55319213867188,machine,N,1.0
2024-04-15T15:05:45,codecarbon,6163e5bf-d239-46cd-a7db-504a42e86836,703.7008595466614,0.0170413166325931,2.4216705722899823e-05,42.5,47.46853729146642,94.33244705200195,0.0083075316468874,0.0175406195880896,0.0183703309546888,0.0442184821896659,Germany,DEU,,,,Linux-5.4.0-139-generic-x86_64-with-glibc2.31,3.10.13,2.3.5,48.0,Intel(R) Xeon(R) Gold 5118 CPU @ 2.30GHz,1.0,1 x NVIDIA GeForce RTX 2080 Ti,,,251.55319213867188,machine,N,1.0
2024-04-15T13:37:08,codecarbon,86f21678-58e6-4bf0-8d42-18eff27c2e02,5077.380224943161,0.288615648227323,5.68434183458368e-05,95.0,264.59072481135405,94.40559768676758,0.1339857592225074,0.482267724980602,0.1326408750736814,0.7488943592767905,Germany,DEU,,,,Linux-5.15.0-67-generic-x86_64-with-glibc2.35,3.10.14,2.3.5,64.0,AMD EPYC 7343 16-Core Processor,3.0,3 x NVIDIA RTX A6000,,,251.74826049804688,machine,N,1.0
2024-04-15T13:47:37,codecarbon,8ba39a06-b203-425c-8af9-195ad4277cdb,3.765664577484131,0.0001040528774581,2.7632008989947983e-05,95.0,68.87772143912996,94.40559768676758,9.9368350704511e-05,7.198533558039344e-05,9.864072834075991e-05,0.0002699944146256,Germany,DEU,,,,Linux-5.15.0-67-generic-x86_64-with-glibc2.35,3.10.14,2.3.5,64.0,AMD EPYC 7343 16-Core Processor,3.0,3 x NVIDIA RTX A6000,,,251.74826049804688,machine,N,1.0
2024-04-15T13:48:56,codecarbon,0497b1fb-8062-4cb8-b77c-3bf58b86edf4,33.904420375823975,0.0013024410229007,3.841508005338013e-05,95.0,208.05549796312488,94.40559768676758,0.0008946894311242,0.0016054612844982,0.0008793983189911,0.0033795490346136,Germany,DEU,,,,Linux-5.15.0-67-generic-x86_64-with-glibc2.35,3.10.14,2.3.5,64.0,AMD EPYC 7343 16-Core Processor,3.0,3 x NVIDIA RTX A6000,,,251.74826049804688,machine,N,1.0
2024-04-15T13:59:50,codecarbon,02f99a24-c1b2-4c8f-9da9-ebe4a31e8427,652.7600536346436,0.0333171365743767,5.104040357381408e-05,95.0,255.2902409701085,94.40559768676758,0.0172254792451858,0.052185501192298,0.0170396877818392,0.0864506682193231,Germany,DEU,,,,Linux-5.15.0-67-generic-x86_64-with-glibc2.35,3.10.14,2.3.5,64.0,AMD EPYC 7343 16-Core Processor,3.0,3 x NVIDIA RTX A6000,,,251.74826049804688,machine,N,1.0
2024-04-15T14:03:06,codecarbon,05f09416-b6fb-4a57-9a53-d1d856ab6b1c,1539.433697223663,0.0587338289164892,3.815287986901578e-05,95.0,268.9500259462136,94.40559768676758,0.0406237776703304,0.0716062192291246,0.0401714180773326,0.1524014149767877,Germany,DEU,,,,Linux-5.15.0-67-generic-x86_64-with-glibc2.35,3.10.14,2.3.5,64.0,AMD EPYC 7343 16-Core Processor,3.0,3 x NVIDIA RTX A6000,,,251.74826049804688,machine,N,1.0
2024-04-15T16:28:56,codecarbon,9a2e98af-bdae-4ac5-9b8d-c6597270b25a,25493.02661585808,0.2025570039240339,7.945584766229062e-06,62.5,0.0,11.72215747833252,0.4425845845664539,0.0,0.0830064518254367,0.5255910363918895,Germany,DEU,,,,Linux-5.15.0-100-generic-x86_64-with-glibc2.31,3.10.14,2.3.5,16.0,Intel(R) Core(TM) i7-10700K CPU @ 3.80GHz,,,,,31.25908660888672,machine,N,1.0
2024-04-15T14:40:51,codecarbon,91623f26-fe4c-4bcc-aafb-d329d3529072,2287.5869212150574,0.1220435417584325,5.335034075715419e-05,95.0,323.9086062269019,94.40559768676758,0.0603664397646983,0.1966883031836914,0.059621503022389,0.316676245970779,Germany,DEU,,,,Linux-5.15.0-67-generic-x86_64-with-glibc2.35,3.10.14,2.3.5,64.0,AMD EPYC 7343 16-Core Processor,3.0,3 x NVIDIA RTX A6000,,,251.74826049804688,machine,N,1.0
2024-04-15T16:25:57,codecarbon,cea58497-4023-4dfd-bb45-31a407a0a460,8538.834047079086,0.5155236440392353,6.037400905051933e-05,95.0,277.5556011951649,94.40559768676758,0.2253289336029024,0.889528437733361,0.2228135119511028,1.3376708832873676,Germany,DEU,,,,Linux-5.15.0-67-generic-x86_64-with-glibc2.35,3.10.14,2.3.5,64.0,AMD EPYC 7343 16-Core Processor,3.0,3 x NVIDIA RTX A6000,,,251.74826049804688,machine,N,1.0
2024-04-16T01:45:24,codecarbon,961413de-4366-4d70-9355-d9d088cff736,38032.40602469444,1.0486099532921953,2.7571486079827102e-05,42.5,24.364390283558453,94.33244705200195,0.4489918307529559,1.2763817577712755,0.9955394455587264,2.7209130340829533,Germany,DEU,,,,Linux-5.4.0-139-generic-x86_64-with-glibc2.31,3.10.13,2.3.5,48.0,Intel(R) Xeon(R) Gold 5118 CPU @ 2.30GHz,1.0,1 x NVIDIA GeForce RTX 2080 Ti,,,251.55319213867188,machine,N,1.0
2024-04-16T06:56:27,codecarbon,243cdcff-0596-423c-8329-57b80368809b,601.084374666214,0.0135292866559218,2.2508132345703893e-05,42.5,68.07837873291471,94.33244705200195,0.0070960989932219,0.0122650539787514,0.0157443810622668,0.0351055340342402,Germany,DEU,,,,Linux-5.4.0-139-generic-x86_64-with-glibc2.31,3.10.13,2.3.5,48.0,Intel(R) Xeon(R) Gold 5118 CPU @ 2.30GHz,1.0,1 x NVIDIA GeForce RTX 2080 Ti,,,251.55319213867188,machine,N,1.0
2024-04-16T04:57:28,codecarbon,fff00514-9efa-4712-913e-1b72de2fd260,666.0133030414581,0.033723052156851,5.063420205399684e-05,95.0,254.6977344926538,94.40559768676758,0.0175751933094528,0.0525558639892551,0.0173728729038951,0.0875039302026031,Germany,DEU,,,,Linux-5.15.0-67-generic-x86_64-with-glibc2.35,3.10.14,2.3.5,64.0,AMD EPYC 7343 16-Core Processor,3.0,3 x NVIDIA RTX A6000,,,251.74826049804688,machine,N,1.0
2024-04-16T07:00:51,codecarbon,fcebffd9-b626-41a9-8592-269c839544ce,642.0749683380127,0.032905942208363,5.124937714600349e-05,95.0,235.9768533154677,94.40559768676758,0.016943528206812,0.0516990291368983,0.0167411516058524,0.0853837089495627,Germany,DEU,,,,Linux-5.15.0-67-generic-x86_64-with-glibc2.35,3.10.14,2.3.5,64.0,AMD EPYC 7343 16-Core Processor,3.0,3 x NVIDIA RTX A6000,,,251.74826049804688,machine,N,1.0
2024-04-16T07:54:27,codecarbon,99d507ec-3b8f-4e1d-9916-a480eb1c16b7,17.144569635391235,0.0005855621251146,3.4154378766432286e-05,95.0,336.4519125231266,94.40559768676758,0.0004524069852299,0.0006223524421784,0.0004446459658815,0.0015194053932899,Germany,DEU,,,,Linux-5.15.0-67-generic-x86_64-with-glibc2.35,3.10.14,2.3.5,64.0,AMD EPYC 7343 16-Core Processor,3.0,3 x NVIDIA RTX A6000,,,251.74826049804688,machine,N,1.0
2024-04-16T07:55:33,codecarbon,1000b596-8ace-493e-8544-5ba55272762a,56.572590827941895,0.0023113912029358,4.0857085898109947e-05,95.0,210.8272061461581,94.40559768676758,0.0014928712917698,0.0030309929800296,0.0014736893764256,0.0059975536482251,Germany,DEU,,,,Linux-5.15.0-67-generic-x86_64-with-glibc2.35,3.10.14,2.3.5,64.0,AMD EPYC 7343 16-Core Processor,3.0,3 x NVIDIA RTX A6000,,,251.74826049804688,machine,N,1.0
2024-04-16T08:05:32,codecarbon,a4df2363-dc8c-48f0-97b9-20019e515aa8,2.064392566680908,5.667447462635466e-05,2.745334174375313e-05,95.0,67.34337577253501,94.40559768676758,5.447335806157853e-05,3.8555864193767775e-05,5.40286196300076e-05,0.0001470578418853,Germany,DEU,,,,Linux-5.15.0-67-generic-x86_64-with-glibc2.35,3.10.14,2.3.5,64.0,AMD EPYC 7343 16-Core Processor,3.0,3 x NVIDIA RTX A6000,,,251.74826049804688,machine,N,1.0
2024-04-16T08:06:25,codecarbon,2884aab9-9584-4286-83d2-fc723bfb441d,6.687434673309326,0.000184526539672,2.759302313762919e-05,95.0,68.42455464439202,94.40559768676758,0.0001764716929859,0.0001270498239591,0.0001752844159486,0.0004788059328937,Germany,DEU,,,,Linux-5.15.0-67-generic-x86_64-with-glibc2.35,3.10.14,2.3.5,64.0,AMD EPYC 7343 16-Core Processor,3.0,3 x NVIDIA RTX A6000,,,251.74826049804688,machine,N,1.0
2024-04-16T08:12:02,codecarbon,9dfc2b11-373b-41ae-9bb0-d05ceac9e53e,331.51726937294006,0.0134529594542709,4.0579965803039525e-05,95.0,121.69875454355542,94.40559768676758,0.0087482928729719,0.0175146695676176,0.0086445192318788,0.0349074816724684,Germany,DEU,,,,Linux-5.15.0-67-generic-x86_64-with-glibc2.35,3.10.14,2.3.5,64.0,AMD EPYC 7343 16-Core Processor,3.0,3 x NVIDIA RTX A6000,,,251.74826049804688,machine,N,1.0
2024-04-16T08:16:47,codecarbon,e3dbbdd9-26e5-4dd9-9218-8ed81d982218,278.87488198280334,0.0093556783231009,3.354794184611401e-05,95.0,119.566874330007,94.40559768676758,0.0073591434872812,0.0096421466030278,0.0072746449340454,0.0242759350243545,Germany,DEU,,,,Linux-5.15.0-67-generic-x86_64-with-glibc2.35,3.10.14,2.3.5,64.0,AMD EPYC 7343 16-Core Processor,3.0,3 x NVIDIA RTX A6000,,,251.74826049804688,machine,N,1.0
2024-04-16T08:27:28,codecarbon,718b3df7-95fa-4d9b-b424-d3c3a5cbbab2,634.0458450317383,0.0327100345996295,5.1589384042083206e-05,95.0,138.31390862118258,94.40559768676758,0.0167316483060518,0.0515875337698616,0.0165561895606134,0.084875371636527,Germany,DEU,,,,Linux-5.15.0-67-generic-x86_64-with-glibc2.35,3.10.14,2.3.5,64.0,AMD EPYC 7343 16-Core Processor,3.0,3 x NVIDIA RTX A6000,,,251.74826049804688,machine,N,1.0
2024-04-16T08:30:54,codecarbon,ae69a1fb-1e05-4724-85f7-b7a0cab4874e,198.84253239631653,0.0068841983656806,3.462135732590486e-05,95.0,122.25772396445812,94.40559768676758,0.0052471939322021,0.0074307012223471,0.0051850909858976,0.0178629861404468,Germany,DEU,,,,Linux-5.15.0-67-generic-x86_64-with-glibc2.35,3.10.14,2.3.5,64.0,AMD EPYC 7343 16-Core Processor,3.0,3 x NVIDIA RTX A6000,,,251.74826049804688,machine,N,1.0
2024-04-16T08:34:45,codecarbon,21241d4c-b0cf-40bb-9aad-ab526bcff8e2,224.35412311553955,0.0092155529321175,4.1075924097778295e-05,95.0,200.1431249821436,94.40559768676758,0.0059204029821687,0.0121280791470326,0.0058638582129399,0.0239123403421413,Germany,DEU,,,,Linux-5.15.0-67-generic-x86_64-with-glibc2.35,3.10.14,2.3.5,64.0,AMD EPYC 7343 16-Core Processor,3.0,3 x NVIDIA RTX A6000,,,251.74826049804688,machine,N,1.0
2024-04-16T08:35:42,codecarbon,0052c1b4-7062-48b2-8411-c03032a34f4b,51.04410672187805,0.0016896010637494,3.3100805798317054e-05,95.0,126.92594846537796,94.40559768676758,0.0013469865083694,0.0017164222060728,0.001320735783064,0.0043841444975063,Germany,DEU,,,,Linux-5.15.0-67-generic-x86_64-with-glibc2.35,3.10.14,2.3.5,64.0,AMD EPYC 7343 16-Core Processor,3.0,3 x NVIDIA RTX A6000,,,251.74826049804688,machine,N,1.0
2024-04-16T08:36:00,codecarbon,6bc74b93-a9a1-4ef0-b550-020c6b76f08f,11.713549613952637,0.0003519686468884,3.004799215339346e-05,95.0,91.99262974417222,94.40559768676758,0.0003091033438841,0.0002988516282584,0.0003053265353431,0.0009132815074857,Germany,DEU,,,,Linux-5.15.0-67-generic-x86_64-with-glibc2.35,3.10.14,2.3.5,64.0,AMD EPYC 7343 16-Core Processor,3.0,3 x NVIDIA RTX A6000,,,251.74826049804688,machine,N,1.0
2024-04-16T08:36:25,codecarbon,f67b3e2d-3347-4e4a-b8b9-96c6792f294e,6.157865524291992,0.0001706946747949,2.771977954398852e-05,95.0,69.62869359639193,94.40559768676758,0.0001624957183996,0.000119037317745,0.0001613822385384,0.0004429152746832,Germany,DEU,,,,Linux-5.15.0-67-generic-x86_64-with-glibc2.35,3.10.14,2.3.5,64.0,AMD EPYC 7343 16-Core Processor,3.0,3 x NVIDIA RTX A6000,,,251.74826049804688,machine,N,1.0
2024-04-16T08:41:49,codecarbon,c28c82a4-439e-4981-8010-d225c6c8db49,316.8449053764343,0.0130951404081369,4.1329812112898045e-05,95.0,120.07719071139408,94.40559768676758,0.0083611274348364,0.0173511844363929,0.0082667077897805,0.03397901966101,Germany,DEU,,,,Linux-5.15.0-67-generic-x86_64-with-glibc2.35,3.10.14,2.3.5,64.0,AMD EPYC 7343 16-Core Processor,3.0,3 x NVIDIA RTX A6000,,,251.74826049804688,machine,N,1.0
2024-04-16T08:46:22,codecarbon,63fbf197-7f36-4c54-8528-01a346c3d1f3,267.29273104667664,0.0090149533052706,3.372689287123316e-05,95.0,121.2258857070078,94.40559768676758,0.0070534825993908,0.0093747188886936,0.006963626782236,0.0233918282703206,Germany,DEU,,,,Linux-5.15.0-67-generic-x86_64-with-glibc2.35,3.10.14,2.3.5,64.0,AMD EPYC 7343 16-Core Processor,3.0,3 x NVIDIA RTX A6000,,,251.74826049804688,machine,N,1.0
2024-04-16T08:56:55,codecarbon,ea2b6f34-9fa9-4cf9-b2c6-ab6051c11e20,627.4849338531494,0.0324138818987173,5.1656828953128594e-05,95.0,257.53255011987966,94.40559768676758,0.0165585243867503,0.0511546281463779,0.0163937677440912,0.0841069202772195,Germany,DEU,,,,Linux-5.15.0-67-generic-x86_64-with-glibc2.35,3.10.14,2.3.5,64.0,AMD EPYC 7343 16-Core Processor,3.0,3 x NVIDIA RTX A6000,,,251.74826049804688,machine,N,1.0
2024-04-16T09:00:23,codecarbon,8d64a594-8908-42a7-9bee-fde15a79ecc2,201.10746479034424,0.0069542362174384,3.4579702074650995e-05,95.0,128.3025911304108,94.40559768676758,0.0053069558782709,0.0074872907116514,0.0052504724275857,0.0180447190175082,Germany,DEU,,,,Linux-5.15.0-67-generic-x86_64-with-glibc2.35,3.10.14,2.3.5,64.0,AMD EPYC 7343 16-Core Processor,3.0,3 x NVIDIA RTX A6000,,,251.74826049804688,machine,N,1.0
2024-04-16T09:04:15,codecarbon,8cbe33f8-e9b8-4a08-93ac-89b3afe6d4c1,224.1726291179657,0.0091945956906198,4.101569280244904e-05,95.0,197.1755015350996,94.40559768676758,0.0059156209876139,0.0120824874436493,0.0058598524618078,0.0238579608930712,Germany,DEU,,,,Linux-5.15.0-67-generic-x86_64-with-glibc2.35,3.10.14,2.3.5,64.0,AMD EPYC 7343 16-Core Processor,3.0,3 x NVIDIA RTX A6000,,,251.74826049804688,machine,N,1.0
2024-04-16T09:07:36,codecarbon,654f0844-7fd1-4d7e-ab65-c66b0a758e3a,196.23736596107483,0.0066018248891856,3.3642037829305214e-05,95.0,112.68887614884574,94.40559768676758,0.0051784390353494,0.0068396085273434,0.0051122412861992,0.0171302888488921,Germany,DEU,,,,Linux-5.15.0-67-generic-x86_64-with-glibc2.35,3.10.14,2.3.5,64.0,AMD EPYC 7343 16-Core Processor,3.0,3 x NVIDIA RTX A6000,,,251.74826049804688,machine,N,1.0
2024-04-16T09:15:01,codecarbon,f4dca46e-5b78-4e5a-b96c-6c75a3bbbffa,438.1198251247406,0.0224670241314962,5.12805466520478e-05,95.0,139.51731396006454,94.40559768676758,0.0115614144941171,0.0352942457354856,0.0114413439181447,0.0582970041477475,Germany,DEU,,,,Linux-5.15.0-67-generic-x86_64-with-glibc2.35,3.10.14,2.3.5,64.0,AMD EPYC 7343 16-Core Processor,3.0,3 x NVIDIA RTX A6000,,,251.74826049804688,machine,N,1.0
2024-04-16T09:20:09,codecarbon,cb3bc88a-4870-4aed-ac96-392b7dfeeac8,301.29826831817627,0.0103076293590211,3.421071556951718e-05,95.0,109.79767661612402,94.40559768676758,0.0079508687618705,0.0109416434752347,0.0078535271128013,0.0267460393499067,Germany,DEU,,,,Linux-5.15.0-67-generic-x86_64-with-glibc2.35,3.10.14,2.3.5,64.0,AMD EPYC 7343 16-Core Processor,3.0,3 x NVIDIA RTX A6000,,,251.74826049804688,machine,N,1.0
2024-04-16T09:25:45,codecarbon,116558d3-4eca-4585-83c0-7191282859bd,329.4794306755066,0.0134330086252751,4.077040135019802e-05,95.0,195.4260554280996,94.40559768676758,0.0086945430427789,0.0175785907294994,0.0085825798710148,0.0348557136432932,Germany,DEU,,,,Linux-5.15.0-67-generic-x86_64-with-glibc2.35,3.10.14,2.3.5,64.0,AMD EPYC 7343 16-Core Processor,3.0,3 x NVIDIA RTX A6000,,,251.74826049804688,machine,N,1.0
2024-04-16T09:30:21,codecarbon,3295fbe0-8040-48e1-8997-615d74174c7e,270.10054445266724,0.0090993881550786,3.368889231051961e-05,95.0,44.61453229085663,94.40559768676758,0.0071275850617223,0.0094257878185999,0.0070575453220099,0.0236109182023322,Germany,DEU,,,,Linux-5.15.0-67-generic-x86_64-with-glibc2.35,3.10.14,2.3.5,64.0,AMD EPYC 7343 16-Core Processor,3.0,3 x NVIDIA RTX A6000,,,251.74826049804688,machine,N,1.0
2024-04-16T09:40:53,codecarbon,ef67ff93-3e9c-4062-b112-9badcf1c9842,625.7769515514374,0.0322920783817687,5.16031763421609e-05,95.0,255.012490688894,94.40559768676758,0.016513442816668,0.0509455690898903,0.0163318549364721,0.0837908668430305,Germany,DEU,,,,Linux-5.15.0-67-generic-x86_64-with-glibc2.35,3.10.14,2.3.5,64.0,AMD EPYC 7343 16-Core Processor,3.0,3 x NVIDIA RTX A6000,,,251.74826049804688,machine,N,1.0
2024-04-16T09:40:59,codecarbon,cc23a4f0-9352-42f1-b6ed-4ddd872bd943,0.3806283473968506,1.035620602105142e-05,2.72081837621354e-05,95.0,66.10385255568032,94.40559768676758,1.0042075316111247e-05,6.934727707630373e-06,9.89528211893609e-06,2.6872085142677708e-05,Germany,DEU,,,,Linux-5.15.0-67-generic-x86_64-with-glibc2.35,3.10.14,2.3.5,64.0,AMD EPYC 7343 16-Core Processor,3.0,3 x NVIDIA RTX A6000,,,251.74826049804688,machine,N,1.0
2024-04-16T09:42:12,codecarbon,81e1f205-e89c-48e8-8a5e-3d8c73557dc1,67.79951739311218,0.0022868177511725,3.37291154730967e-05,95.0,132.15920332099574,94.40559768676758,0.0017891434179411,0.0023763030121699,0.0017683444958688,0.00593379092598,Germany,DEU,,,,Linux-5.15.0-67-generic-x86_64-with-glibc2.35,3.10.14,2.3.5,64.0,AMD EPYC 7343 16-Core Processor,3.0,3 x NVIDIA RTX A6000,,,251.74826049804688,machine,N,1.0
2024-04-16T09:43:26,codecarbon,88a4b706-0d34-43bd-88d9-f40a6d6638d2,69.2627329826355,0.0022991613390535,3.31947822450197e-05,95.0,125.35849515812892,94.40559768676758,0.0018277508546908,0.0023270360288734,0.0018110329479657,0.00596581983153,Germany,DEU,,,,Linux-5.15.0-67-generic-x86_64-with-glibc2.35,3.10.14,2.3.5,64.0,AMD EPYC 7343 16-Core Processor,3.0,3 x NVIDIA RTX A6000,,,251.74826049804688,machine,N,1.0
2024-04-16T09:44:42,codecarbon,df6bf96c-290f-48ea-a5d3-0e77d74f208f,68.49824380874634,0.002266375433787,3.30866210251317e-05,95.0,126.09907576624316,94.40559768676758,0.0018075756897528,0.0022929668341475,0.001780205068239,0.0058807475921395,Germany,DEU,,,,Linux-5.15.0-67-generic-x86_64-with-glibc2.35,3.10.14,2.3.5,64.0,AMD EPYC 7343 16-Core Processor,3.0,3 x NVIDIA RTX A6000,,,251.74826049804688,machine,N,1.0
2024-04-16T09:45:56,codecarbon,84c34116-a60a-456d-82ac-90781e1896e5,69.04256677627563,0.0022702977198297,3.288257991894199e-05,95.0,125.56340234686078,94.40559768676758,0.0018219372451305,0.0022782415446727,0.0017907462750786,0.0058909250648819,Germany,DEU,,,,Linux-5.15.0-67-generic-x86_64-with-glibc2.35,3.10.14,2.3.5,64.0,AMD EPYC 7343 16-Core Processor,3.0,3 x NVIDIA RTX A6000,,,251.74826049804688,machine,N,1.0
2024-04-16T09:47:03,codecarbon,b38ff419-6de7-4f36-8264-92cda40da116,62.43248128890991,0.0020994545507265,3.362760068771195e-05,95.0,150.96714617595762,94.40559768676758,0.0016475014891889,0.0021763434074273,0.0016237795833935,0.0054476244800098,Germany,DEU,,,,Linux-5.15.0-67-generic-x86_64-with-glibc2.35,3.10.14,2.3.5,64.0,AMD EPYC 7343 16-Core Processor,3.0,3 x NVIDIA RTX A6000,,,251.74826049804688,machine,N,1.0
2024-04-16T09:48:17,codecarbon,a324aceb-57f4-4002-a0af-81ee15680352,68.33485651016235,0.0022813534083344,3.338491547128857e-05,95.0,138.2837413825351,94.40559768676758,0.0018032648732264,0.0023422646515882,0.0017740826289685,0.0059196121537833,Germany,DEU,,,,Linux-5.15.0-67-generic-x86_64-with-glibc2.35,3.10.14,2.3.5,64.0,AMD EPYC 7343 16-Core Processor,3.0,3 x NVIDIA RTX A6000,,,251.74826049804688,machine,N,1.0
2024-04-16T09:49:10,codecarbon,27d084c1-d7a8-41b4-be75-d2f50d657331,48.03649973869324,0.0016041906550265,3.339524452766013e-05,95.0,130.66920615285812,94.40559768676758,0.0012676152702834,0.0016357499196146,0.0012591580139985,0.0041625232038966,Germany,DEU,,,,Linux-5.15.0-67-generic-x86_64-with-glibc2.35,3.10.14,2.3.5,64.0,AMD EPYC 7343 16-Core Processor,3.0,3 x NVIDIA RTX A6000,,,251.74826049804688,machine,N,1.0
2024-04-16T09:50:25,codecarbon,bb8eee4f-31b9-4ef1-b57b-a55f7a284a8e,68.98830842971802,0.002274332656715,3.296692886783837e-05,95.0,123.2174827627559,94.40559768676758,0.001820517501235,0.0022817401588781,0.0017991371817609,0.005901394841874,Germany,DEU,,,,Linux-5.15.0-67-generic-x86_64-with-glibc2.35,3.10.14,2.3.5,64.0,AMD EPYC 7343 16-Core Processor,3.0,3 x NVIDIA RTX A6000,,,251.74826049804688,machine,N,1.0
2024-04-16T10:50:12,codecarbon,542edae5-1d53-455b-a204-ffa2d8544fd3,3575.109405040741,0.1544653592287743,4.320577127261764e-05,95.0,160.5716612718754,94.40559768676758,0.0943425789687368,0.2131966433346406,0.0932645350139677,0.4008037573173452,Germany,DEU,,,,Linux-5.15.0-67-generic-x86_64-with-glibc2.35,3.10.14,2.3.5,64.0,AMD EPYC 7343 16-Core Processor,3.0,3 x NVIDIA RTX A6000,,,251.74826049804688,machine,N,1.0
2024-04-16T10:50:24,codecarbon,c2ee2a76-2047-4ae9-9684-05cdbb66ca13,4.911925792694092,0.0001632960911253,3.324482046700888e-05,95.0,121.91571826817652,94.40559768676758,0.0001296186470323,0.0001657581883591,0.0001283407360113,0.0004237175714028,Germany,DEU,,,,Linux-5.15.0-67-generic-x86_64-with-glibc2.35,3.10.14,2.3.5,64.0,AMD EPYC 7343 16-Core Processor,3.0,3 x NVIDIA RTX A6000,,,251.74826049804688,machine,N,1.0
2024-04-16T12:58:01,codecarbon,5bcb7377-c42e-495f-b38b-239c19a88bd8,7650.732828617096,0.5837947109834714,7.630572443986321e-05,95.0,119.0364562361469,94.40559768676758,0.2018929579102329,1.113373646531727,0.199552736492708,1.5148193409346695,Germany,DEU,,,,Linux-5.15.0-67-generic-x86_64-with-glibc2.35,3.10.14,2.3.5,64.0,AMD EPYC 7343 16-Core Processor,3.0,3 x NVIDIA RTX A6000,,,251.74826049804688,machine,N,1.0
2024-04-16T15:04:25,codecarbon,91c98329-76d8-4fe9-861d-e38780432103,7574.669013261795,0.5554136055544704,7.332513203970332e-05,95.0,275.67471997061,94.40559768676758,0.1998856668793494,1.0437887497528209,0.1975021752126134,1.4411765918447863,Germany,DEU,,,,Linux-5.15.0-67-generic-x86_64-with-glibc2.35,3.10.14,2.3.5,64.0,AMD EPYC 7343 16-Core Processor,3.0,3 x NVIDIA RTX A6000,,,251.74826049804688,machine,N,1.0
2024-04-17T07:00:49,codecarbon,68daf976-83bd-4ee8-a084-60511c7a88cb,298.314013004303,0.0101184585894752,3.3918817582763944e-05,95.0,127.42998432883256,94.40559768676758,0.0078721047325266,0.0105858056911074,0.0077972722346026,0.0262551826582368,Germany,DEU,,,,Linux-5.15.0-67-generic-x86_64-with-glibc2.35,3.10.14,2.3.5,64.0,AMD EPYC 7343 16-Core Processor,3.0,3 x NVIDIA RTX A6000,,,251.74826049804688,machine,N,1.0
2024-04-17T07:31:51,codecarbon,eefbf53a-51c2-4811-b9b7-2d9b0ae6ce15,5.735444784164429,0.0001574451066633,2.745124616979498e-05,95.0,68.86243758666407,94.40559768676758,0.0001513497061199,0.0001084781426925,0.0001487077001091,0.0004085355489216,Germany,DEU,,,,Linux-5.15.0-67-generic-x86_64-with-glibc2.35,3.10.14,2.3.5,64.0,AMD EPYC 7343 16-Core Processor,3.0,3 x NVIDIA RTX A6000,,,251.74826049804688,machine,N,1.0
2024-04-17T13:53:56,codecarbon,d49e481c-47a0-4674-bc5c-74d93c5e56dd,22338.16106891632,1.683685825679453,7.537262447365514e-05,95.0,610.7620942642761,94.40559768676758,0.5894739106218015,3.1961845133346287,0.5831373270365906,4.36879575099303,Germany,DEU,,,,Linux-5.15.0-67-generic-x86_64-with-glibc2.35,3.10.14,2.3.5,64.0,AMD EPYC 7343 16-Core Processor,3.0,3 x NVIDIA RTX A6000,,,251.74826049804688,machine,N,1.0
2024-04-17T15:30:29,codecarbon,fd3ea196-2e84-4692-a9c8-9b8e26218735,2511.762374162674,0.2129873964196169,8.479599766702407e-05,95.0,602.4880292969933,94.40559768676758,0.0662822523693243,0.4205612731154815,0.0658120936937823,0.5526556191785882,Germany,DEU,,,,Linux-5.15.0-67-generic-x86_64-with-glibc2.35,3.10.14,2.3.5,64.0,AMD EPYC 7343 16-Core Processor,3.0,3 x NVIDIA RTX A6000,,,251.74826049804688,machine,N,1.0
2024-04-18T08:16:46,codecarbon,f1c6934f-c5d5-4b5e-bd18-b8e5d55f2436,47.74405360221863,0.000379354709926,7.945590734431994e-06,62.5,0.0,11.72215747833252,0.0008288852622111,0.0,0.0001554570774145,0.0009843423396257,Germany,DEU,,,,Linux-5.15.0-100-generic-x86_64-with-glibc2.31,3.10.14,2.3.5,16.0,Intel(R) Core(TM) i7-10700K CPU @ 3.80GHz,,,,,31.25908660888672,machine,N,1.0
2024-04-18T08:18:00,codecarbon,f6abcbf9-7d92-40bd-b641-fa333f0c4330,9.136769771575928,7.259700083997063e-05,7.945587188353653e-06,62.5,0.0,11.72215747833252,0.0001586236142449,0.0,2.974969386699627e-05,0.0001883733081119,Germany,DEU,,,,Linux-5.15.0-100-generic-x86_64-with-glibc2.31,3.10.14,2.3.5,16.0,Intel(R) Core(TM) i7-10700K CPU @ 3.80GHz,,,,,31.25908660888672,machine,N,1.0
2024-04-18T08:18:30,codecarbon,b7473823-7211-475c-ac92-30b62de7d331,4.057512521743774,3.2238711686249394e-05,7.945437386449356e-06,62.5,0.0,11.72215747833252,7.044182883368598e-05,0.0,1.3210563129367947e-05,8.365239196305392e-05,Germany,DEU,,,,Linux-5.15.0-100-generic-x86_64-with-glibc2.31,3.10.14,2.3.5,16.0,Intel(R) Core(TM) i7-10700K CPU @ 3.80GHz,,,,,31.25908660888672,machine,N,1.0
2024-04-18T08:18:45,codecarbon,26888f0a-e06b-4870-b6e6-682f58dc9581,1.156980276107788,9.187435563765716e-06,7.940874839001822e-06,62.5,0.0,11.72215747833252,2.008090416590373e-05,0.0,3.758477767067158e-06,2.3839381932970883e-05,Germany,DEU,,,,Linux-5.15.0-100-generic-x86_64-with-glibc2.31,3.10.14,2.3.5,16.0,Intel(R) Core(TM) i7-10700K CPU @ 3.80GHz,,,,,31.25908660888672,machine,N,1.0
2024-04-18T08:19:54,codecarbon,1e197f4c-787d-4af0-a65e-370e520f9602,2.8416168689727783,2.2577435766266463e-05,7.945277920041355e-06,62.5,0.0,11.72215747833252,4.933255000246896e-05,0.0,9.25094814165675e-06,5.8583498144125706e-05,Germany,DEU,,,,Linux-5.15.0-100-generic-x86_64-with-glibc2.31,3.10.14,2.3.5,16.0,Intel(R) Core(TM) i7-10700K CPU @ 3.80GHz,,,,,31.25908660888672,machine,N,1.0
2024-04-18T08:30:29,codecarbon,1872278e-91fa-4fdf-bc7b-17801a4faa0f,24.94376516342163,0.0004988920775843,2.0000672485320138e-05,42.5,63.568293589386,94.33244705200195,0.0002944728859596,0.0003465961106599,0.0006534466163956,0.0012945156130152,Germany,DEU,,,,Linux-5.4.0-139-generic-x86_64-with-glibc2.31,3.10.13,2.3.5,48.0,Intel(R) Xeon(R) Gold 5118 CPU @ 2.30GHz,1.0,1 x NVIDIA GeForce RTX 2080 Ti,,,251.55319213867188,machine,N,1.0
2024-04-18T08:34:29,codecarbon,13dd5d69-c100-4cab-a3b6-c0c639f802de,76.7677218914032,0.0022888458157162,2.9815210863676487e-05,42.5,75.42313832560953,94.33244705200195,0.0009062790024611,0.0030215926950063,0.0020111816115689,0.0059390533090364,Germany,DEU,,,,Linux-5.4.0-139-generic-x86_64-with-glibc2.31,3.10.13,2.3.5,48.0,Intel(R) Xeon(R) Gold 5118 CPU @ 2.30GHz,1.0,1 x NVIDIA GeForce RTX 2080 Ti,,,251.55319213867188,machine,N,1.0
2024-04-26T16:12:58,codecarbon,13c1b43a-b98a-4fc6-87ae-d59cc0b7aa59,8.420957803726196,4.371977522265584e-05,5.191781771345564e-06,42.5,0.0,6.0,9.94130944212278e-05,0.0,1.4030141433080037e-05,0.0001134432358543,Germany,DEU,,,,macOS-14.4.1-x86_64-i386-64bit,3.10.13,2.3.5,8.0,Apple M2,,,,,16.0,machine,N,1.0
2024-05-28T13:41:59,codecarbon,b88cb37d-e22a-4304-adc5-419a6a76c4d4,29.636314153671265,0.0006278411444346,2.118485926350772e-05,42.5,66.37030775887384,94.33244705200195,0.0003498718359404,0.0005027904022085,0.0007764479451583,0.0016291101833073,Germany,DEU,,,,Linux-5.4.0-139-generic-x86_64-with-glibc2.31,3.10.13,2.3.5,48.0,Intel(R) Xeon(R) Gold 5118 CPU @ 2.30GHz,1.0,1 x NVIDIA GeForce RTX 2080 Ti,,,251.55319213867188,machine,N,1.0
2024-05-28T14:00:26,codecarbon,25225daf-23a6-4282-9982-8333e6527a66,12.497078895568848,0.0002689298800575055,2.1519419242272793e-05,42.5,64.22621286004822,94.33244705200195,0.00014753439906570648,0.0002229232338777365,0.00032735647191555774,0.0006978141048590008,Germany,DEU,,,,Linux-5.4.0-139-generic-x86_64-with-glibc2.31,3.10.13,2.3.5,48.0,Intel(R) Xeon(R) Gold 5118 CPU @ 2.30GHz,1.0,1 x NVIDIA GeForce RTX 2080 Ti,,,251.55319213867188,machine,N,1.0
